{
  "intents": [
    {
      "tag": "introduction",
      "patterns": ["Labor force", "Employment statistics"],
      "responses": ["Pakistan has a labor force of 51.78 million people, with an estimated 49.09 million employed. Agriculture employs 44% of the workforce."]
    },
    {
      "tag": "pre_independence",
      "patterns": ["Pre-independence era", "British rule"],
      "responses": ["Pakistan was ruled by the British for nearly 200 years until gaining independence in 1947. Early labor laws focused on protecting British interests."]  
    },
    {
      "tag": "post_independence", 
      "patterns": ["Post-independence era", "1947 legislation"],
      "responses": ["Pakistan inherited labor laws from British India in 1947, including the Trade Union Act 1926 and Industrial Disputes Act 1947."]
    },
    {
      "tag": "constitution",
      "patterns": ["Constitutional provisions", "Fundamental rights"],
      "responses": ["The Pakistani constitution guarantees the right to form labor associations and unions under Article 17."]
    },  
    {
      "tag": "freedom_association",
      "patterns": ["Freedom of association", "Right to unionize"], 
      "responses": ["Workers have the right to join and establish labor organizations under the Industrial Relations Act 2008."]
    },
    {
      "tag": "union_registration", 
      "patterns": ["Union registration", "Registering unions"],
      "responses": ["Unions must register with provincial authorities before representing workers. Only industry-specific unions are allowed."]
    },
    {
      "tag": "collective_bargaining",
      "patterns": ["Collective bargaining", "Bargaining agents"],
      "responses": ["Registered unions can apply to be certified as collective bargaining agents with the right to negotiate employment terms."]
    },
    {
      "tag": "worker_participation",
      "patterns": ["Worker participation", "Management committees"], 
      "responses": ["The 2008 Act requires workplaces to have management committees and boards with worker representation."]
    },
    {
      "tag": "disputes_strikes",
      "patterns": ["Disputes", "Strikes", "Lockouts"],
      "responses": ["The Act establishes procedures for dispute resolution through negotiation, conciliation, and arbitration before strikes can occur."]  
    },
    {
      "tag": "labor_judiciary",
      "patterns": ["Courts", "Tribunals", "Judiciary"],
      "responses": ["Labor disputes are adjudicated by labor courts, appellate tribunals, and the National Industrial Relations Commission."]
    },
    {
      "tag": "unionization", 
      "patterns": ["Union membership", "Union density"],
      "responses": ["Only 0.7% of Pakistan's labor force belongs to a union. Union power has declined due to privatization."]
    },
    {
      "tag": "agriculture_sector",
      "patterns": ["Agriculture", "Farm workers"],
      "responses": ["Despite employing 44% of workers, agriculture is excluded from labor laws."]
    },
    {
      "tag": "employment_contract",
      "patterns": ["Contract", "Hiring", "Firing"], 
      "responses": ["The 1968 Ordinance governs contractual terms. Unfair termination can be challenged in labor courts."]  
    },
    {
      "tag": "equality",
      "patterns": ["Equality", "Discrimination", "Harassment"],
      "responses": ["Discrimination based on gender, religion, etc. is prohibited. A 2010 law protects against workplace harassment."]
    },
    {
      "tag": "working_hours",
      "patterns": ["Hours", "Overtime"],
      "responses": ["The Factories Act limits the workweek to 48 hours. Overtime pay is double the normal wage."]
    },
    {
      "tag": "leave",
      "patterns": ["Leave", "Holidays", "Vacation"],
      "responses": ["Workers are entitled to annual, sick, casual, and festival leave under the Factories Act."]
    },
    {
      "tag": "wages",
      "patterns": ["Wages", "Minimum wage", "Overtime pay"],
      "responses": ["Minimum wages are set by provincial governments. Overtime wages are double the normal pay."]
    },
    {
      "tag": "safety_health", 
      "patterns": ["Safety", "Health", "Working conditions"],  
      "responses": ["The Factories Act and Mines Act have provisions for occupational safety and health."]
    },
    {
      "tag": "workers_welfare",
      "patterns": ["Benefits", "Pension", "Insurance"],
      "responses": ["Laws provide social security, pension, disability, and death benefits for workers."]
    },
    {
      "tag": "conclusion",
      "patterns": ["Conclusion", "Overview"],
      "responses": ["Pakistan has over 70 labor laws but enforcement is weak. The government is working to consolidate laws."]  
    },
    {
      "tag": "author",
      "patterns": ["Author", "Writer"],
      "responses": ["The author is Iftikhar Ahmad, a former Ministry of Labor official and graduate student at Cornell University."]
    },
    {
      "tag": "enacting_date",
      "patterns": ["Date enacted", "Effective date"],
      "responses": ["The key law discussed is the Industrial Relations Act 2008, which replaced the 2002 Ordinance."]
    },
    {
      "tag": "jurisdiction",
      "patterns": ["Application", "Scope"],
      "responses": ["Most labor laws apply nationally but provincial governments can amend laws and enforcement."]
    },
    {
      "tag": "definitions",
      "patterns": ["Define", "What is"],
      "responses": ["Key terms defined in the Acts include worker, employer, wage, trade union, workplace, etc."]
    },
    {
      "tag": "penalties",
      "patterns": ["Penalties", "Punishment", "Fines"],
      "responses": ["Penalties for violations include fines, imprisonment, cancellation of union registration."]
    },
    {
      "tag": "references",
      "patterns": ["References", "Sources"],
      "responses": ["References include Pakistan's Constitution, labor laws, surveys, books, journal articles."]
    },

    {
      "tag": "trade_union_act_1926",
      "patterns": ["Trade Union Act 1926"], 
      "responses": ["Allowed workers to associate and be represented by trade unions"]
    },
    {
      "tag": "industrial_employment_act_1946",
      "patterns": ["Industrial Employment Act 1946"],
      "responses": ["Required employers to provide standing orders with terms and conditions of employment"]   
    },
    {
      "tag": "industrial_disputes_act_1947",
      "patterns": ["Industrial Disputes Act 1947"],
      "responses": ["Provided machinery for conciliation and adjudication of industrial disputes"]
    },
    {  
      "tag": "factories_act_1934",
      "patterns": ["Factories Act 1934"],
      "responses": ["Regulated health, safety and welfare of factory workers"]
    },
    {
      "tag": "trade_union_act_amendment_1960", 
      "patterns": ["Trade Union Act Amendment 1960"],
      "responses": ["Reduced proportion of outside trade union officers and defined unfair labor practices"]
    },
    {
      "tag": "industrial_disputes_ordinance_1959",
      "patterns": ["Industrial Disputes Ordinance 1959"],
      "responses": ["Restricted the right to strike by expanding definition of public utility services"] 
    },
    {
      "tag": "standing_orders_ordinance_1968",
      "patterns": ["Standing Orders Ordinance 1968 "],
      "responses": ["Classified worker categories and required written contracts stating terms"]
    },
    {
      "tag": "industrial_relations_ordinance_1969",  
      "patterns": ["Industrial Relations Ordinance 1969"],
      "responses": ["Consolidated trade union and dispute resolution laws"]
    },
    {
      "tag": "industrial_relations_ordinance_2002",
      "patterns": ["Industrial Relations Ordinance 2002"], 
      "responses": ["Repealed many worker rights granted in the 1969 law"]
    },
    {
      "tag": "industrial_relations_act_2008",
      "patterns": ["Industrial Relations Act 2008"],
      "responses": ["Restored some rights repealed in 2002 and strengthened workplace participation"]
    },
    {
      "tag": "trade_union_act_1926_sections",
      "patterns": ["Trade Union Act 1926 sections"],
      "responses": ["Sections cover trade union registration, rights, functions, dissolution procedures"]
    },
    {
      "tag": "trade_union_act_1926_definitions",
      "patterns": ["Trade Union Act 1926 definitions"],
      "responses": ["Defines trade union, registered/unregistered trade union, illegal association, etc."]
    },
    {
      "tag": "trade_union_act_1926_penalties",
      "patterns": ["Trade Union Act 1926 penalties"],
      "responses": ["Penalties not explicitly covered, registrar can cancel registration"] 
    },
    {
      "tag": "trade_union_act_1926_date",
      "patterns": ["Trade Union Act 1926 date"],
      "responses": ["Originally enacted in 1926 in British India"]
    },
    {
      "tag": "industrial_disputes_act_1947_sections",
      "patterns": ["Industrial Disputes Act 1947 sections"],
      "responses": ["Sections on conciliation, investigation, tribunals, strikes, layoffs, retrenchment"]
    },
    {
      "tag": "industrial_disputes_act_1947_definitions",
      "patterns": ["Industrial Disputes Act 1947 definitions "],
      "responses": ["Defines industry, industrial dispute, employer, workman, wages, etc."]
    },
    {
      "tag": "industrial_disputes_act_1947_penalties",
      "patterns": ["Industrial Disputes Act 1947 penalties"],
      "responses": ["Penalties for illegal strikes, breach of settlement terms, disobeying orders"]
    },
    {
      "tag": "industrial_disputes_act_1947_date",
      "patterns": ["Industrial Disputes Act 1947 date"],
      "responses": ["Enacted in 1947 prior to partition and independence of Pakistan"]
    },

    {
      "tag": "labor_force_percentage_agriculture",
      "patterns": ["What percentage of Pakistan's labor force works in the agriculture sector?"],
      "responses": ["Agriculture employs 44% of Pakistan's workforce."]
    },
    {
      "tag": "british_rule_duration",
      "patterns": ["For how many years was the Indian subcontinent ruled by the British prior to 1947?"],
      "responses": ["The Indian subcontinent was ruled by the British for nearly 200 years until gaining independence in 1947."]
    },
    {
      "tag": "first_labor_legislation_british_india",
      "patterns": ["What was the first piece of labor legislation passed in British India?"],
      "responses": ["The Trade Union Act 1926 was the first labor legislation passed in British India."]
    },
    {
      "tag": "restricted_strike_ordinance",
      "patterns": ["Which ordinance restricted the right to strike by expanding the definition of public utilities?"],
      "responses": ["The Industrial Disputes Ordinance 1959 restricted the right to strike by expanding the definition of public utilities."]
    },
    {
      "tag": "constitutional_article_association_unions",
      "patterns": ["What constitutional article guarantees the right to form associations and unions in Pakistan?"],
      "responses": ["Article 17 of the Pakistani constitution guarantees the right to form associations and unions."]
    },
    {
      "tag": "current_labor_laws_count",
      "patterns": ["How many labor laws exist currently in Pakistan related to industrial relations?"],
      "responses": ["Pakistan has over 70 labor laws related to industrial relations."]
    },
    {
      "tag": "standing_orders_requirement",
      "patterns": ["What Act requires employers to provide standing orders to employees?"],
      "responses": ["The Industrial Employment Act 1946 requires employers to provide standing orders to employees."]
    },
    {
      "tag": "collective_bargaining_introduction",
      "patterns": ["Which law first introduced the system of collective bargaining in Pakistan?"],
      "responses": ["The Industrial Relations Ordinance 1969 introduced the system of collective bargaining in Pakistan."]
    },
    {
      "tag": "national_industrial_relations_tribunal",
      "patterns": ["What is the name of the current national industrial relations tribunal in Pakistan?"],
      "responses": ["The National Industrial Relations Commission is the current national industrial relations tribunal in Pakistan."]
    },
    {
      "tag": "certified_collective_bargaining_agents",
      "patterns": ["What percentage of Pakistan's total trade unions are certified as collective bargaining agents?"],
      "responses": ["A small percentage, 0.7%, of Pakistan's labor force belongs to certified collective bargaining agents."]
    },
    {
      "tag": "union_registration_cancellation_conditions",
      "patterns": ["Under what conditions can a trade union's registration be cancelled by authorities?"],
      "responses": ["Trade union registration can be cancelled if the union engages in illegal activities or violates specified conditions."]
    },
    {
      "tag": "notice_period_termination",
      "patterns": ["How many days notice must be provided by employers before terminating a permanent employee?"],
      "responses": ["Employers must provide 30 days notice before terminating a permanent employee."]
    },
    {
      "tag": "maximum_working_hours_per_week",
      "patterns": ["What is the maximum number of working hours per week allowed under the Factories Act?"],
      "responses": ["The Factories Act limits the workweek to 48 hours."]
    },
    {
      "tag": "paid_sick_leave_duration",
      "patterns": ["How many days of paid sick leave are workers entitled to under law?"],
      "responses": ["Workers are entitled to paid sick leave, but the specific duration may vary."]
    },
    {
      "tag": "illegal_strikes_punishment",
      "patterns": ["What is the punishment for workers continuing strikes deemed illegal under the 2008 Act?"],
      "responses": ["Punishments for illegal strikes may include fines or other specified penalties under the 2008 Act."]
    },
    {
      "tag": "exempt_sectors_from_labor_laws",
      "patterns": ["Which sector is exempt from all labor laws despite employing the largest workforce?"],
      "responses": ["Agriculture, despite employing 44% of workers, is exempt from labor laws."]
    },
    {
      "tag": "workplace_harassment_protection",
      "patterns": ["What new law aims to protect women against workplace harassment?"],
      "responses": ["A 2010 law aims to protect women against workplace harassment."]
    },
    {
      "tag": "minimum_wage_determination",
      "patterns": ["How is minimum wage determined for unskilled workers nationally?"],
      "responses": ["Minimum wages for unskilled workers are set by provincial governments."]
    },
    {
      "tag": "maternity_protection_standards",
      "patterns": ["Which Tripartite Convention sets standards for maternity protection at work?"],
      "responses": ["The Maternity Protection Convention sets standards for maternity protection at work."]
    },
    {
      "tag": "industrial_relations_law_sources",
      "patterns": ["What are the sources of industrial relations law enumerated in the text?"],
      "responses": ["Sources of industrial relations law include statutory laws, conventions, and international treaties."]
    },
    {
      "tag": "international_convention_ratification",
      "patterns": ["Name the key international body whose conventions have been ratified by Pakistan."],
      "responses": ["Pakistan has ratified conventions of the International Labour Organization (ILO)."]
    },
    {
      "tag": "gender_discrimination_prohibition",
      "patterns": ["Which article of the Constitution prohibits discrimination on the basis of gender?"],
      "responses": ["Article of 25 of the Constitution prohibits discrimination on the basis of gender."]
    },
    {
      "tag": "labor_judiciary_structure",
      "patterns": ["How is Pakistan's labour judiciary system structured and what are the tiers?"],
      "responses": ["Pakistan's labor judiciary includes labor courts, appellate tribunals, and the National Industrial Relations Commission."]
    },
    {
      "tag": "public_utility_strike_rights",
      "patterns": ["What qualifies as a public utility service with restricted strike rights?"],
      "responses": ["Services deemed essential, like public utilities, have restricted strike rights."]
    },
    {
      "tag": "time_limit_labour_court_cases",
      "patterns": ["What is the time limit provided for labour courts to decide individual grievance cases?"],
      "responses": ["Labour courts are required to decide individual grievance cases within a specified time limit."]
    },
    {
      "tag": "collective_bargaining_agreement_termination",
      "patterns": ["On what grounds can a collective bargaining agreement be terminated?"],
      "responses": ["Collective bargaining agreements can be terminated based on specified grounds, including violation of terms."]
    },
    {
      "tag": "new_union_registration_quorum",
      "patterns": ["What is the quorum provision for registering a new trade union under law?"],
      "responses": ["A specified number of workers must be present to establish the quorum for registering a new trade union."]
    },
    {
      "tag": "pensions_social_security_regulation",
      "patterns": ["Which ordinance regulates pensions, benefits and social security for workers?"],
      "responses": ["The ordinance regulating pensions, benefits, and social security for workers is [Specify the ordinance name]."]
    },
    {
      "tag": "child_employment_age_limit",
      "patterns": ["What is the age limit set for employment of children in factories and hazardous work?"],
      "responses": ["The age limit for employment of children in factories and hazardous work is specified by law."]
    },
    {
      "tag": "worker_participation_mechanisms",
      "patterns": ["What are the mechanisms for worker participation in management at enterprises?"],
      "responses": ["Mechanisms for worker participation include the establishment of management committees and boards."]
    },
    {
      "tag": "provincial_labour_court_judge_appointment",
      "patterns": ["Who appoints the judges presiding over provincial labour courts under statute?"],
      "responses": ["Judges presiding over provincial labour courts are appointed by [Specify the appointing authority]."]
    },
    {
      "tag": "public_sector_wages_recommendation",
      "patterns": ["What government commission recommends civil service and public sector wages?"],
      "responses": ["Civil service and public sector wages are recommended by [Specify the commission or body]."]
    },
    {
      "tag": "drafting_labor_legislation_ministry",
      "patterns": ["Which ministry is responsible for drafting and introducing labour legislation?"],
      "responses": ["The Ministry of [Specify the Ministry] is responsible for drafting and introducing labour legislation."]
    },
    {
      "tag": "unlawful_termination_penalties",
      "patterns": ["What are the penalties for unlawful termination of employment under code?"],
      "responses": ["Penalties for unlawful termination of employment may include fines or other specified consequences under the code."]
    },
    {
      "tag": "maternity_leave_duration",
      "patterns": ["What is the minimum paid maternity leave mandated for women employees?"],
      "responses": ["The minimum paid maternity leave mandated for women employees is specified by law."]
    },
    {
      "tag": "employer_definition_industrial_relations",
      "patterns": ["How is an employer defined under Pakistan’s industrial relations statute?"],
      "responses": ["An employer is defined under Pakistan’s industrial relations statute as [Specify the definition]."]
    },
    {
      "tag": "transitional_labor_law_period",
      "patterns": ["How long can a transitional labour law enacted by Parliament operate?"],
      "responses": ["Transitional labor laws enacted by Parliament can operate for a specified period, as determined by law."]
    },
    {
      "tag": "labour_inspections_responsibility",
      "patterns": ["Which level of government has devolved responsibility for labour inspections?"],
      "responses": ["Responsibility for labor inspections is devolved to [Specify the level of government]."]
    },
    {
      "tag": "cba_strike_endorsement_proportion",
      "patterns": ["What proportion of CBA members must vote to legally endorse a strike call?"],
      "responses": ["A specified proportion of CBA members must vote to legally endorse a strike call."]
    },
    {
      "tag": "individual_grievance_limitation_period",
      "patterns": ["What is the limitation period for workers to bring an individual grievance case?"],
      "responses": ["The limitation period for workers to bring an individual grievance case is specified by law."]
    },
    {
      "tag": "ohs_code_covered_industries",
      "patterns": ["Which industries does the Occupational Health and Safety Code apply to?"],
      "responses": ["The Occupational Health and Safety Code applies to [Specify the industries covered]."]
    },
    {
      "tag": "overtime_work_penalty_rate",
      "patterns": ["What is the prescribed penalty rate for overtime work under the legal code?"],
      "responses": ["The prescribed penalty rate for overtime work under the legal code is [Specify the rate]."]
    },
    {
      "tag": "preferential_right_rehire_duration",
      "patterns": ["How long must an employer retain a preferential right to rehire retrenched staff?"],
      "responses": ["An employer must retain a preferential right to rehire retrenched staff for a specified duration, as determined by law."]
    },
    {
      "tag": "group_litigation_damages_level",
      "patterns": ["What is the level of damages that can be claimed in a group litigation case?"],
      "responses": ["The level of damages that can be claimed in a group litigation case is specified by law."]
    },
    {
      "tag": "works_council_representatives_number",
      "patterns": ["How many representatives can a Works Council have from among employees?"],
      "responses": ["A Works Council can have a specified number of representatives from among employees."]
    },
    {
      "tag": "trade_union_registrar_qualifications",
      "patterns": ["What qualifications are legally required for a registrar of trade unions?"],
      "responses": ["Qualifications required for a registrar of trade unions include [Specify the qualifications]."]
    },
    {
      "tag": "settlement_modification_basis",
      "patterns": ["On what basis can a settlement between parties be modified after two years?"],
      "responses": ["A settlement between parties can be modified after two years based on [Specify the basis as per the law]."]
    },
    {
      "tag": "wage_payment_period",
      "patterns": ["How long after wage period ends must workers be paid salaries under statute?"],
      "responses": ["Workers must be paid salaries within a specified period after the wage period ends, as determined by law."]
    },
    {
      "tag": "trade_union_act_1926_sections",
      "patterns": ["What are the key sections covered in the Trade Union Act 1926?"],
      "responses": ["The Trade Union Act 1926 encompasses sections addressing trade union registration, rights, functions, and dissolution procedures, providing a comprehensive framework for organized labor in British India."]
    },
    {
      "tag": "trade_union_act_1926_definitions",
      "patterns": ["Can you provide information on the definitions outlined in the Trade Union Act 1926?"],
      "responses": ["The Trade Union Act 1926 defines crucial terms such as trade union, registered/unregistered trade union, and illegal association, offering clarity on organizational structures and legal statuses."]
    },
    {
      "tag": "trade_union_act_1926_penalties",
      "patterns": ["Is there any information on penalties specified in the Trade Union Act 1926?"],
      "responses": ["While specific penalties are not explicitly covered, the registrar holds the authority to cancel registration, emphasizing adherence to regulations for sustained trade union legitimacy."]
    },
    {
      "tag": "trade_union_act_1926_date",
      "patterns": ["When was the Trade Union Act 1926 originally enacted?"],
      "responses": ["Originally enacted in 1926 during British India, the Trade Union Act laid the foundation for workers' associations, marking a significant development in labor rights."]
    },
    {
      "tag": "industrial_disputes_act_1947_sections",
      "patterns": ["What are the main sections of the Industrial Disputes Act 1947?"],
      "responses": ["The Industrial Disputes Act 1947 encompasses sections covering conciliation, investigation, tribunals, strikes, layoffs, and retrenchment, providing a comprehensive framework for addressing industrial conflicts in post-independence Pakistan."]
    },
    {
      "tag": "industrial_disputes_act_1947_definitions",
      "patterns": ["How does the Industrial Disputes Act 1947 define terms like industry, industrial dispute, employer, and workman?"],
      "responses": ["Defining industry, industrial dispute, employer, workman, and wages, the Industrial Disputes Act 1947 establishes clear parameters, facilitating effective dispute resolution and fair labor practices in Pakistan."]
    },
    {
      "tag": "industrial_disputes_act_1947_penalties",
      "patterns": ["What penalties are mentioned in the Industrial Disputes Act 1947?"],
      "responses": ["The Industrial Disputes Act 1947 imposes penalties for illegal strikes, breach of settlement terms, and disobeying orders, reinforcing compliance with labor regulations and fostering a balanced industrial environment."]
    },
    {
      "tag": "industrial_disputes_act_1947_date",
      "patterns": ["When was the Industrial Disputes Act 1947 enacted?"],
      "responses": ["Enacted in 1947 before the partition and independence of Pakistan, the Industrial Disputes Act 1947 laid the groundwork for structured conflict resolution in the country."]
    },
    {
      "tag": "trade_union_act_amendment_1960",
      "patterns": ["What is the purpose of the Trade Union Act Amendment 1960?"],
      "responses": ["The Trade Union Act Amendment 1960 aimed to enhance organizational integrity by reducing the proportion of outside trade union officers and defining unfair labor practices for improved labor relations."]
    },
    {
      "tag": "industrial_relations_act_2008",
      "patterns": ["How does the Industrial Relations Act 2008 impact workers' rights?"],
      "responses": ["The Industrial Relations Act 2008 restores rights repealed in 2002, reinforcing worker protections and strengthening workplace participation for a more equitable and cooperative labor environment in Pakistan."]
    },
    {
      "tag": "pre_independence",
      "patterns": ["How long was Pakistan under British rule, and how did it influence early labor laws?"],
      "responses": ["Pakistan endured nearly 200 years of British rule until gaining independence in 1947. Early labor laws were shaped by British interests, reflecting a historical context that laid the foundation for subsequent developments."]
    },
    {
      "tag": "post_independence",
      "patterns": ["What laws did Pakistan inherit from British India after gaining independence in 1947?"],
      "responses": ["After gaining independence in 1947, Pakistan inherited labor laws from British India, including the Trade Union Act 1926 and Industrial Disputes Act 1947, forming the basis for the country's evolving labor framework."]
    },
    {
      "tag": "freedom_association",
      "patterns": ["How does the Industrial Relations Act 2008 support the freedom of association for workers?"],
      "responses": ["The Industrial Relations Act 2008 safeguards workers' rights to join and establish labor organizations, reinforcing the freedom of association and promoting collective bargaining for improved working conditions in Pakistan."]
    },
    {
      "tag": "union_registration",
      "patterns": ["What is the process for union registration in Pakistan?"],
      "responses": ["Unions in Pakistan must register with provincial authorities before representing workers, ensuring compliance with regulations. Industry-specific unions are permitted, contributing to a structured and organized labor representation."]
    },
    {
      "tag": "employment_contract",
      "patterns": ["How are employment contracts governed in Pakistan, and what is the role of the Standing Orders Ordinance 1968?"],
      "responses": ["The Standing Orders Ordinance 1968 categorizes workers and mandates written contracts, establishing clear terms of employment. This regulatory framework contributes to organized and standardized employment practices in Pakistan."]
    },
    {
      "tag": "enforcement_challenges",
      "patterns": ["What are some of the challenges in enforcing labor laws in Pakistan?"],
      "responses": ["Despite having over 70 labor laws, enforcement in Pakistan faces challenges, including weak implementation. Government initiatives aim to consolidate laws and address these challenges for more effective regulation."]
    },
    {
      "tag": "author",
      "patterns": ["Who is the author of the content discussing labor laws in Pakistan?"],
      "responses": ["The author of the content on labor laws in Pakistan is Iftikhar Ahmad, a former Ministry of Labor official and a graduate student at Cornell University, bringing both practical experience and academic insight to the discussion."]
    },
    {
      "tag": "enacting_date",
      "patterns": ["When was the Industrial Relations Act 2008 enacted, and what law did it replace?"],
      "responses": ["The key law discussed, the Industrial Relations Act 2008, replaced the 2002 Ordinance. It was enacted to enhance worker rights, providing a more robust legal framework for industrial relations in Pakistan."]
    },
    {
      "tag": "references",
      "patterns": ["Where can one find references and sources for information on labor laws in Pakistan?"],
      "responses": ["References for information on labor laws in Pakistan include the country's Constitution, various labor laws, surveys, books, and journal articles, providing a comprehensive basis for understanding the regulatory landscape."]
    }
  ]
}
